feat1,feat2,feat3,feat4,feat5,feat6,label
6.480000496,0,11,77.23799896,293.4819946,7.002000332,0