feat1,feat2,feat3,feat4,feat5,feat6,label
3,0,9,177.3519897,350.0540161,352.0120239,1
